<?xml version="1.0"?>
<!DOCTYPE look-and-feel PUBLIC "-//Liferay//DTD Look and Feel 7.0.0//EN" "http://www.liferay.com/dtd/liferay-look-and-feel_7_0_0.dtd">

<look-and-feel>
	<compatibility>
		<version>7.0.0+</version>
	</compatibility>
	<theme id="ashok-leyland" name="Ashok Leyland">
		<template-extension>ftl</template-extension>

		<settings>
			<setting configurable="true" key="Top-Navigation-ArticleID" value="" />
			<setting configurable="true" key="Mobile-Navigation-ArticleID" value="" />
			<setting configurable="true" key="one-header" type="checkbox" value="false"/>
		   	<setting configurable="true" key="home-page" type="checkbox" value="false"/>
			<setting configurable="true" key="history" type="checkbox" value="false"/>
			<setting configurable="true" key="power-solutions" type="checkbox" value="false"/>
			<setting configurable="true" key="landing-page" type="checkbox" value="false"/>
			<setting configurable="true" key="Footer-ArticleID" value="" />
			<setting configurable="true" key="embed-enquiry-form" type="checkbox" value="false"/>
		</settings>

		<portlet-decorator id="barebone" name="Barebone">
			<default-portlet-decorator>true</default-portlet-decorator>
			<portlet-decorator-css-class>portlet-barebone</portlet-decorator-css-class>
		</portlet-decorator>
		<portlet-decorator id="borderless" name="Borderless">
			<portlet-decorator-css-class>portlet-borderless</portlet-decorator-css-class>
		</portlet-decorator>
		<portlet-decorator id="decorate" name="Decorate">
			<portlet-decorator-css-class>portlet-decorate</portlet-decorator-css-class>
		</portlet-decorator>
	</theme>
</look-and-feel>
